{"cameraMode":{"drawMode":0,"name":"Shaded","section":"Shading Mode"},"sceneLighting":true,"audioPlay":false,"sceneViewState":{"m_AlwaysRefresh":false,"showFog":true,"showSkybox":true,"showFlares":true,"showImageEffects":true,"showParticleSystems":true,"showVisualEffectGraphs":true,"m_FxEnabled":true},"in2DMode":false,"pivot":{"x":7.543495178222656,"y":10.46601390838623,"z":-18.494014739990236},"rotation":{"x":0.07971945405006409,"y":-0.015826134011149408,"z":0.001273309695534408,"w":0.9967365860939026},"size":6.607396125793457,"orthographic":false}