{"cameraMode":{"drawMode":0,"name":"Shaded","section":"Shading Mode"},"sceneLighting":true,"audioPlay":false,"sceneViewState":{"m_AlwaysRefresh":false,"showFog":true,"showSkybox":true,"showFlares":true,"showImageEffects":true,"showParticleSystems":true,"showVisualEffectGraphs":true,"m_FxEnabled":true},"in2DMode":false,"pivot":{"x":-3.125023126602173,"y":10.390423774719239,"z":0.5564460754394531},"rotation":{"x":0.00929594412446022,"y":0.057591624557971957,"z":-0.000529135053511709,"w":0.998344361782074},"size":17.83624839782715,"orthographic":false}