{"cameraMode":{"drawMode":0,"name":"Shaded","section":"Shading Mode"},"sceneLighting":true,"audioPlay":false,"sceneViewState":{"m_AlwaysRefresh":false,"showFog":true,"showSkybox":true,"showFlares":true,"showImageEffects":true,"showParticleSystems":true,"showVisualEffectGraphs":true,"m_FxEnabled":true},"in2DMode":false,"pivot":{"x":-5.269622325897217,"y":6.5999226570129398,"z":0.7341556549072266},"rotation":{"x":0.00929594412446022,"y":0.057591624557971957,"z":-0.000529135053511709,"w":0.998344361782074},"size":17.83624839782715,"orthographic":false}