{"cameraMode":{"drawMode":0,"name":"Shaded","section":"Shading Mode"},"sceneLighting":true,"audioPlay":false,"sceneViewState":{"m_AlwaysRefresh":false,"showFog":true,"showSkybox":true,"showFlares":true,"showImageEffects":true,"showParticleSystems":true,"showVisualEffectGraphs":true,"m_FxEnabled":true},"in2DMode":false,"pivot":{"x":-6.50870418548584,"y":5.780317306518555,"z":-4.664329528808594},"rotation":{"x":-0.015301928855478764,"y":0.030589018017053605,"z":-0.0004641550767701119,"w":-0.9994245171546936},"size":9.318512916564942,"orthographic":false}